repetition,strategy_index,strategy,accuracy,queries_used,iterations,accuracy_per_question
0.0,0.0,random,0.62,16.0,11.0,0.03875
0.0,1.0,S_E,0.52,12.0,7.0,0.043333333333333335
0.0,2.0,S_NE,0.42,13.0,8.0,0.03230769230769231
0.0,3.0,S_W,0.54,11.0,6.0,0.049090909090909095
0.0,4.0,S_NW,0.34,10.0,5.0,0.034
0.0,5.0,S_B,0.44,11.0,6.0,0.04
0.0,6.0,S_NB,0.48,11.0,6.0,0.04363636363636363
0.0,7.0,S_EIG,0.52,10.0,5.0,0.052000000000000005
0.0,8.0,S_NEIG,0.44,10.0,5.0,0.044
0.0,9.0,S_DU,0.54,15.0,10.0,0.036000000000000004
0.0,10.0,S_NDU,0.58,18.0,13.0,0.03222222222222222
0.0,11.0,S_DC,0.52,11.0,6.0,0.04727272727272727
0.0,12.0,S_NDC,0.44,11.0,6.0,0.04
1.0,0.0,random,0.54,13.0,8.0,0.04153846153846154
1.0,1.0,S_E,0.42,8.0,3.0,0.0525
1.0,2.0,S_NE,0.42,10.0,5.0,0.041999999999999996
1.0,3.0,S_W,0.44,11.0,6.0,0.04
1.0,4.0,S_NW,0.36,8.0,3.0,0.045
1.0,5.0,S_B,0.62,14.0,9.0,0.04428571428571428
1.0,6.0,S_NB,0.38,9.0,4.0,0.042222222222222223
1.0,7.0,S_EIG,0.48,10.0,5.0,0.048
1.0,8.0,S_NEIG,0.46,10.0,5.0,0.046
1.0,9.0,S_DU,0.42,11.0,6.0,0.03818181818181818
1.0,10.0,S_NDU,0.52,9.0,4.0,0.05777777777777778
1.0,11.0,S_DC,0.42,9.0,4.0,0.04666666666666666
1.0,12.0,S_NDC,0.44,11.0,6.0,0.04
2.0,0.0,random,0.48,8.0,3.0,0.06
2.0,1.0,S_E,0.6,10.0,5.0,0.06
2.0,2.0,S_NE,0.54,9.0,4.0,0.060000000000000005
2.0,3.0,S_W,0.42,9.0,4.0,0.04666666666666666
2.0,4.0,S_NW,0.58,12.0,7.0,0.04833333333333333
2.0,5.0,S_B,0.44,8.0,3.0,0.055
2.0,6.0,S_NB,0.66,10.0,5.0,0.066
2.0,7.0,S_EIG,0.28,8.0,3.0,0.035
2.0,8.0,S_NEIG,0.36,10.0,5.0,0.036
2.0,9.0,S_DU,0.56,9.0,4.0,0.06222222222222223
2.0,10.0,S_NDU,0.44,9.0,4.0,0.04888888888888889
2.0,11.0,S_DC,0.64,14.0,9.0,0.045714285714285714
2.0,12.0,S_NDC,0.42,8.0,3.0,0.0525
3.0,0.0,random,0.5,11.0,6.0,0.045454545454545456
3.0,1.0,S_E,0.5,11.0,6.0,0.045454545454545456
3.0,2.0,S_NE,0.48,9.0,4.0,0.05333333333333333
3.0,3.0,S_W,0.48,10.0,5.0,0.048
3.0,4.0,S_NW,0.5,12.0,7.0,0.041666666666666664
3.0,5.0,S_B,0.56,14.0,9.0,0.04
3.0,6.0,S_NB,0.58,12.0,7.0,0.04833333333333333
3.0,7.0,S_EIG,0.4,11.0,6.0,0.03636363636363637
3.0,8.0,S_NEIG,0.56,11.0,6.0,0.05090909090909091
3.0,9.0,S_DU,0.46,11.0,6.0,0.04181818181818182
3.0,10.0,S_NDU,0.44,13.0,8.0,0.033846153846153845
3.0,11.0,S_DC,0.46,11.0,6.0,0.04181818181818182
3.0,12.0,S_NDC,0.56,12.0,7.0,0.04666666666666667
4.0,0.0,random,0.7,9.0,4.0,0.07777777777777778
4.0,1.0,S_E,0.64,11.0,6.0,0.05818181818181818
4.0,2.0,S_NE,0.74,11.0,6.0,0.06727272727272728
4.0,3.0,S_W,0.74,11.0,6.0,0.06727272727272728
4.0,4.0,S_NW,0.62,8.0,3.0,0.0775
4.0,5.0,S_B,0.66,11.0,6.0,0.060000000000000005
4.0,6.0,S_NB,0.74,10.0,5.0,0.074
4.0,7.0,S_EIG,0.54,11.0,6.0,0.049090909090909095
4.0,8.0,S_NEIG,0.56,8.0,3.0,0.07
4.0,9.0,S_DU,0.6,8.0,3.0,0.075
4.0,10.0,S_NDU,0.66,13.0,8.0,0.050769230769230775
4.0,11.0,S_DC,0.56,8.0,3.0,0.07
4.0,12.0,S_NDC,0.7,15.0,10.0,0.04666666666666666
5.0,0.0,random,0.6,9.0,4.0,0.06666666666666667
5.0,1.0,S_E,0.54,11.0,6.0,0.049090909090909095
5.0,2.0,S_NE,0.62,9.0,4.0,0.06888888888888889
5.0,3.0,S_W,0.58,13.0,8.0,0.04461538461538461
5.0,4.0,S_NW,0.46,11.0,6.0,0.04181818181818182
5.0,5.0,S_B,0.58,10.0,5.0,0.057999999999999996
5.0,6.0,S_NB,0.42,9.0,4.0,0.04666666666666666
5.0,7.0,S_EIG,0.56,10.0,5.0,0.05600000000000001
5.0,8.0,S_NEIG,0.76,9.0,4.0,0.08444444444444445
5.0,9.0,S_DU,0.52,8.0,3.0,0.065
5.0,10.0,S_NDU,0.64,14.0,9.0,0.045714285714285714
5.0,11.0,S_DC,0.6,10.0,5.0,0.06
5.0,12.0,S_NDC,0.68,14.0,9.0,0.04857142857142858
6.0,0.0,random,0.56,11.0,6.0,0.05090909090909091
6.0,1.0,S_E,0.58,9.0,4.0,0.06444444444444444
6.0,2.0,S_NE,0.62,15.0,10.0,0.04133333333333333
6.0,3.0,S_W,0.6,10.0,5.0,0.06
6.0,4.0,S_NW,0.52,8.0,3.0,0.065
6.0,5.0,S_B,0.44,11.0,6.0,0.04
6.0,6.0,S_NB,0.68,13.0,8.0,0.05230769230769231
6.0,7.0,S_EIG,0.46,9.0,4.0,0.051111111111111114
6.0,8.0,S_NEIG,0.54,8.0,3.0,0.0675
6.0,9.0,S_DU,0.56,8.0,3.0,0.07
6.0,10.0,S_NDU,0.46,10.0,5.0,0.046
6.0,11.0,S_DC,0.62,11.0,6.0,0.056363636363636366
6.0,12.0,S_NDC,0.5,12.0,7.0,0.041666666666666664
7.0,0.0,random,0.48,11.0,6.0,0.04363636363636363
7.0,1.0,S_E,0.46,8.0,3.0,0.0575
7.0,2.0,S_NE,0.46,8.0,3.0,0.0575
7.0,3.0,S_W,0.5,10.0,5.0,0.05
7.0,4.0,S_NW,0.46,8.0,3.0,0.0575
7.0,5.0,S_B,0.42,8.0,3.0,0.0525
7.0,6.0,S_NB,0.5,11.0,6.0,0.045454545454545456
7.0,7.0,S_EIG,0.52,11.0,6.0,0.04727272727272727
7.0,8.0,S_NEIG,0.6,12.0,7.0,0.049999999999999996
7.0,9.0,S_DU,0.5,8.0,3.0,0.0625
7.0,10.0,S_NDU,0.5,8.0,3.0,0.0625
7.0,11.0,S_DC,0.44,8.0,3.0,0.055
7.0,12.0,S_NDC,0.48,11.0,6.0,0.04363636363636363
8.0,0.0,random,0.74,13.0,8.0,0.05692307692307692
8.0,1.0,S_E,0.5,9.0,4.0,0.05555555555555555
8.0,2.0,S_NE,0.4,8.0,3.0,0.05
8.0,3.0,S_W,0.54,8.0,3.0,0.0675
8.0,4.0,S_NW,0.54,11.0,6.0,0.049090909090909095
8.0,5.0,S_B,0.66,9.0,4.0,0.07333333333333333
8.0,6.0,S_NB,0.6,10.0,5.0,0.06
8.0,7.0,S_EIG,0.5,10.0,5.0,0.05
8.0,8.0,S_NEIG,0.46,12.0,7.0,0.03833333333333334
8.0,9.0,S_DU,0.6,11.0,6.0,0.05454545454545454
8.0,10.0,S_NDU,0.54,11.0,6.0,0.049090909090909095
8.0,11.0,S_DC,0.66,12.0,7.0,0.055
8.0,12.0,S_NDC,0.52,10.0,5.0,0.052000000000000005
9.0,0.0,random,0.56,10.0,5.0,0.05600000000000001
9.0,1.0,S_E,0.54,11.0,6.0,0.049090909090909095
9.0,2.0,S_NE,0.54,11.0,6.0,0.049090909090909095
9.0,3.0,S_W,0.7,9.0,4.0,0.07777777777777778
9.0,4.0,S_NW,0.28,8.0,3.0,0.035
9.0,5.0,S_B,0.5,8.0,3.0,0.0625
9.0,6.0,S_NB,0.68,10.0,5.0,0.068
9.0,7.0,S_EIG,0.46,8.0,3.0,0.0575
9.0,8.0,S_NEIG,0.44,10.0,5.0,0.044
9.0,9.0,S_DU,0.5,11.0,6.0,0.045454545454545456
9.0,10.0,S_NDU,0.52,8.0,3.0,0.065
9.0,11.0,S_DC,0.44,10.0,5.0,0.044
9.0,12.0,S_NDC,0.64,9.0,4.0,0.07111111111111111
10.0,0.0,random,0.54,11.0,6.0,0.049090909090909095
10.0,1.0,S_E,0.64,10.0,5.0,0.064
10.0,2.0,S_NE,0.66,8.0,3.0,0.0825
10.0,3.0,S_W,0.68,13.0,8.0,0.05230769230769231
10.0,4.0,S_NW,0.56,10.0,5.0,0.05600000000000001
10.0,5.0,S_B,0.62,11.0,6.0,0.056363636363636366
10.0,6.0,S_NB,0.72,13.0,8.0,0.05538461538461538
10.0,7.0,S_EIG,0.68,10.0,5.0,0.068
10.0,8.0,S_NEIG,0.72,12.0,7.0,0.06
10.0,9.0,S_DU,0.72,13.0,8.0,0.05538461538461538
10.0,10.0,S_NDU,0.7,16.0,11.0,0.04375
10.0,11.0,S_DC,0.66,13.0,8.0,0.050769230769230775
10.0,12.0,S_NDC,0.58,8.0,3.0,0.0725
11.0,0.0,random,0.54,10.0,5.0,0.054000000000000006
11.0,1.0,S_E,0.5,8.0,3.0,0.0625
11.0,2.0,S_NE,0.68,15.0,10.0,0.04533333333333334
11.0,3.0,S_W,0.56,12.0,7.0,0.04666666666666667
11.0,4.0,S_NW,0.7,13.0,8.0,0.05384615384615384
11.0,5.0,S_B,0.68,10.0,5.0,0.068
11.0,6.0,S_NB,0.5,8.0,3.0,0.0625
11.0,7.0,S_EIG,0.54,9.0,4.0,0.060000000000000005
11.0,8.0,S_NEIG,0.58,9.0,4.0,0.06444444444444444
11.0,9.0,S_DU,0.62,11.0,6.0,0.056363636363636366
11.0,10.0,S_NDU,0.62,12.0,7.0,0.051666666666666666
11.0,11.0,S_DC,0.62,14.0,9.0,0.04428571428571428
11.0,12.0,S_NDC,0.6,13.0,8.0,0.04615384615384615
12.0,0.0,random,0.56,13.0,8.0,0.04307692307692308
12.0,1.0,S_E,0.5,8.0,3.0,0.0625
12.0,2.0,S_NE,0.46,14.0,9.0,0.032857142857142856
12.0,3.0,S_W,0.56,10.0,5.0,0.05600000000000001
12.0,4.0,S_NW,0.38,8.0,3.0,0.0475
12.0,5.0,S_B,0.58,10.0,5.0,0.057999999999999996
12.0,6.0,S_NB,0.52,10.0,5.0,0.052000000000000005
12.0,7.0,S_EIG,0.44,9.0,4.0,0.04888888888888889
12.0,8.0,S_NEIG,0.3,11.0,6.0,0.02727272727272727
12.0,9.0,S_DU,0.54,11.0,6.0,0.049090909090909095
12.0,10.0,S_NDU,0.5,11.0,6.0,0.045454545454545456
12.0,11.0,S_DC,0.58,13.0,8.0,0.04461538461538461
12.0,12.0,S_NDC,0.58,8.0,3.0,0.0725
13.0,0.0,random,0.64,9.0,4.0,0.07111111111111111
13.0,1.0,S_E,0.56,10.0,5.0,0.05600000000000001
13.0,2.0,S_NE,0.44,8.0,3.0,0.055
13.0,3.0,S_W,0.62,10.0,5.0,0.062
13.0,4.0,S_NW,0.44,8.0,3.0,0.055
13.0,5.0,S_B,0.48,8.0,3.0,0.06
13.0,6.0,S_NB,0.54,9.0,4.0,0.060000000000000005
13.0,7.0,S_EIG,0.6,9.0,4.0,0.06666666666666667
13.0,8.0,S_NEIG,0.58,9.0,4.0,0.06444444444444444
13.0,9.0,S_DU,0.6,13.0,8.0,0.04615384615384615
13.0,10.0,S_NDU,0.66,10.0,5.0,0.066
13.0,11.0,S_DC,0.48,12.0,7.0,0.04
13.0,12.0,S_NDC,0.6,9.0,4.0,0.06666666666666667
14.0,0.0,random,0.66,11.0,6.0,0.060000000000000005
14.0,1.0,S_E,0.6,8.0,3.0,0.075
14.0,2.0,S_NE,0.64,9.0,4.0,0.07111111111111111
14.0,3.0,S_W,0.72,11.0,6.0,0.06545454545454545
14.0,4.0,S_NW,0.68,9.0,4.0,0.07555555555555556
14.0,5.0,S_B,0.66,9.0,4.0,0.07333333333333333
14.0,6.0,S_NB,0.62,9.0,4.0,0.06888888888888889
14.0,7.0,S_EIG,0.64,9.0,4.0,0.07111111111111111
14.0,8.0,S_NEIG,0.76,13.0,8.0,0.05846153846153846
14.0,9.0,S_DU,0.7,10.0,5.0,0.06999999999999999
14.0,10.0,S_NDU,0.62,8.0,3.0,0.0775
14.0,11.0,S_DC,0.7,10.0,5.0,0.06999999999999999
14.0,12.0,S_NDC,0.68,8.0,3.0,0.085
15.0,0.0,random,0.5,10.0,5.0,0.05
15.0,1.0,S_E,0.56,10.0,5.0,0.05600000000000001
15.0,2.0,S_NE,0.6,9.0,4.0,0.06666666666666667
15.0,3.0,S_W,0.48,9.0,4.0,0.05333333333333333
15.0,4.0,S_NW,0.44,8.0,3.0,0.055
15.0,5.0,S_B,0.6,14.0,9.0,0.04285714285714286
15.0,6.0,S_NB,0.44,8.0,3.0,0.055
15.0,7.0,S_EIG,0.5,11.0,6.0,0.045454545454545456
15.0,8.0,S_NEIG,0.46,9.0,4.0,0.051111111111111114
15.0,9.0,S_DU,0.52,11.0,6.0,0.04727272727272727
15.0,10.0,S_NDU,0.58,11.0,6.0,0.05272727272727273
15.0,11.0,S_DC,0.52,10.0,5.0,0.052000000000000005
15.0,12.0,S_NDC,0.58,12.0,7.0,0.04833333333333333
16.0,0.0,random,0.56,10.0,5.0,0.05600000000000001
16.0,1.0,S_E,0.62,9.0,4.0,0.06888888888888889
16.0,2.0,S_NE,0.66,13.0,8.0,0.050769230769230775
16.0,3.0,S_W,0.72,8.0,3.0,0.09
16.0,4.0,S_NW,0.62,10.0,5.0,0.062
16.0,5.0,S_B,0.68,11.0,6.0,0.06181818181818182
16.0,6.0,S_NB,0.7,11.0,6.0,0.06363636363636363
16.0,7.0,S_EIG,0.64,11.0,6.0,0.05818181818181818
16.0,8.0,S_NEIG,0.34,10.0,5.0,0.034
16.0,9.0,S_DU,0.6,10.0,5.0,0.06
16.0,10.0,S_NDU,0.62,12.0,7.0,0.051666666666666666
16.0,11.0,S_DC,0.72,12.0,7.0,0.06
16.0,12.0,S_NDC,0.48,9.0,4.0,0.05333333333333333
17.0,0.0,random,0.54,13.0,8.0,0.04153846153846154
17.0,1.0,S_E,0.5,12.0,7.0,0.041666666666666664
17.0,2.0,S_NE,0.52,10.0,5.0,0.052000000000000005
17.0,3.0,S_W,0.46,8.0,3.0,0.0575
17.0,4.0,S_NW,0.42,8.0,3.0,0.0525
17.0,5.0,S_B,0.6,12.0,7.0,0.049999999999999996
17.0,6.0,S_NB,0.42,9.0,4.0,0.04666666666666666
17.0,7.0,S_EIG,0.54,10.0,5.0,0.054000000000000006
17.0,8.0,S_NEIG,0.68,12.0,7.0,0.05666666666666667
17.0,9.0,S_DU,0.52,12.0,7.0,0.043333333333333335
17.0,10.0,S_NDU,0.46,12.0,7.0,0.03833333333333334
17.0,11.0,S_DC,0.44,8.0,3.0,0.055
17.0,12.0,S_NDC,0.44,11.0,6.0,0.04
18.0,0.0,random,0.68,11.0,6.0,0.06181818181818182
18.0,1.0,S_E,0.46,8.0,3.0,0.0575
18.0,2.0,S_NE,0.62,10.0,5.0,0.062
18.0,3.0,S_W,0.5,12.0,7.0,0.041666666666666664
18.0,4.0,S_NW,0.38,8.0,3.0,0.0475
18.0,5.0,S_B,0.58,12.0,7.0,0.04833333333333333
18.0,6.0,S_NB,0.38,8.0,3.0,0.0475
18.0,7.0,S_EIG,0.52,9.0,4.0,0.05777777777777778
18.0,8.0,S_NEIG,0.42,8.0,3.0,0.0525
18.0,9.0,S_DU,0.44,8.0,3.0,0.055
18.0,10.0,S_NDU,0.6,12.0,7.0,0.049999999999999996
18.0,11.0,S_DC,0.46,9.0,4.0,0.051111111111111114
18.0,12.0,S_NDC,0.66,13.0,8.0,0.050769230769230775
19.0,0.0,random,0.56,10.0,5.0,0.05600000000000001
19.0,1.0,S_E,0.52,8.0,3.0,0.065
19.0,2.0,S_NE,0.68,9.0,4.0,0.07555555555555556
19.0,3.0,S_W,0.7,12.0,7.0,0.05833333333333333
19.0,4.0,S_NW,0.48,12.0,7.0,0.04
19.0,5.0,S_B,0.8,12.0,7.0,0.06666666666666667
19.0,6.0,S_NB,0.62,11.0,6.0,0.056363636363636366
19.0,7.0,S_EIG,0.64,13.0,8.0,0.04923076923076923
19.0,8.0,S_NEIG,0.48,11.0,6.0,0.04363636363636363
19.0,9.0,S_DU,0.68,11.0,6.0,0.06181818181818182
19.0,10.0,S_NDU,0.62,12.0,7.0,0.051666666666666666
19.0,11.0,S_DC,0.5,8.0,3.0,0.0625
19.0,12.0,S_NDC,0.56,9.0,4.0,0.06222222222222223
20.0,0.0,random,0.58,9.0,4.0,0.06444444444444444
20.0,1.0,S_E,0.76,12.0,7.0,0.06333333333333334
20.0,2.0,S_NE,0.64,11.0,6.0,0.05818181818181818
20.0,3.0,S_W,0.48,11.0,6.0,0.04363636363636363
20.0,4.0,S_NW,0.66,8.0,3.0,0.0825
20.0,5.0,S_B,0.82,10.0,5.0,0.08199999999999999
20.0,6.0,S_NB,0.74,8.0,3.0,0.0925
20.0,7.0,S_EIG,0.66,9.0,4.0,0.07333333333333333
20.0,8.0,S_NEIG,0.56,9.0,4.0,0.06222222222222223
20.0,9.0,S_DU,0.62,8.0,3.0,0.0775
20.0,10.0,S_NDU,0.6,9.0,4.0,0.06666666666666667
20.0,11.0,S_DC,0.66,8.0,3.0,0.0825
20.0,12.0,S_NDC,0.58,12.0,7.0,0.04833333333333333
21.0,0.0,random,0.48,9.0,4.0,0.05333333333333333
21.0,1.0,S_E,0.64,10.0,5.0,0.064
21.0,2.0,S_NE,0.38,10.0,5.0,0.038
21.0,3.0,S_W,0.6,14.0,9.0,0.04285714285714286
21.0,4.0,S_NW,0.28,11.0,6.0,0.025454545454545455
21.0,5.0,S_B,0.38,9.0,4.0,0.042222222222222223
21.0,6.0,S_NB,0.22,8.0,3.0,0.0275
21.0,7.0,S_EIG,0.38,9.0,4.0,0.042222222222222223
21.0,8.0,S_NEIG,0.42,9.0,4.0,0.04666666666666666
21.0,9.0,S_DU,0.62,10.0,5.0,0.062
21.0,10.0,S_NDU,0.6,9.0,4.0,0.06666666666666667
21.0,11.0,S_DC,0.44,10.0,5.0,0.044
21.0,12.0,S_NDC,0.58,13.0,8.0,0.04461538461538461
22.0,0.0,random,0.54,11.0,6.0,0.049090909090909095
22.0,1.0,S_E,0.54,10.0,5.0,0.054000000000000006
22.0,2.0,S_NE,0.38,8.0,3.0,0.0475
22.0,3.0,S_W,0.56,10.0,5.0,0.05600000000000001
22.0,4.0,S_NW,0.48,11.0,6.0,0.04363636363636363
22.0,5.0,S_B,0.48,11.0,6.0,0.04363636363636363
22.0,6.0,S_NB,0.5,8.0,3.0,0.0625
22.0,7.0,S_EIG,0.54,8.0,3.0,0.0675
22.0,8.0,S_NEIG,0.4,8.0,3.0,0.05
22.0,9.0,S_DU,0.58,8.0,3.0,0.0725
22.0,10.0,S_NDU,0.5,9.0,4.0,0.05555555555555555
22.0,11.0,S_DC,0.64,9.0,4.0,0.07111111111111111
22.0,12.0,S_NDC,0.46,9.0,4.0,0.051111111111111114
23.0,0.0,random,0.46,8.0,3.0,0.0575
23.0,1.0,S_E,0.52,11.0,6.0,0.04727272727272727
23.0,2.0,S_NE,0.56,12.0,7.0,0.04666666666666667
23.0,3.0,S_W,0.48,9.0,4.0,0.05333333333333333
23.0,4.0,S_NW,0.54,11.0,6.0,0.049090909090909095
23.0,5.0,S_B,0.48,8.0,3.0,0.06
23.0,6.0,S_NB,0.48,9.0,4.0,0.05333333333333333
23.0,7.0,S_EIG,0.5,9.0,4.0,0.05555555555555555
23.0,8.0,S_NEIG,0.56,9.0,4.0,0.06222222222222223
23.0,9.0,S_DU,0.5,10.0,5.0,0.05
23.0,10.0,S_NDU,0.48,8.0,3.0,0.06
23.0,11.0,S_DC,0.6,12.0,7.0,0.049999999999999996
23.0,12.0,S_NDC,0.52,9.0,4.0,0.05777777777777778
24.0,0.0,random,0.28,12.0,7.0,0.023333333333333334
24.0,1.0,S_E,0.4,12.0,7.0,0.03333333333333333
24.0,2.0,S_NE,0.24,9.0,4.0,0.026666666666666665
24.0,3.0,S_W,0.42,15.0,10.0,0.028
24.0,4.0,S_NW,0.28,13.0,8.0,0.02153846153846154
24.0,5.0,S_B,0.28,9.0,4.0,0.031111111111111114
24.0,6.0,S_NB,0.22,9.0,4.0,0.024444444444444446
24.0,7.0,S_EIG,0.26,11.0,6.0,0.023636363636363636
24.0,8.0,S_NEIG,0.34,8.0,3.0,0.0425
24.0,9.0,S_DU,0.32,12.0,7.0,0.02666666666666667
24.0,10.0,S_NDU,0.38,15.0,10.0,0.025333333333333333
24.0,11.0,S_DC,0.32,13.0,8.0,0.024615384615384615
24.0,12.0,S_NDC,0.22,8.0,3.0,0.0275
25.0,0.0,random,0.46,8.0,3.0,0.0575
25.0,1.0,S_E,0.42,9.0,4.0,0.04666666666666666
25.0,2.0,S_NE,0.6,8.0,3.0,0.075
25.0,3.0,S_W,0.36,8.0,3.0,0.045
25.0,4.0,S_NW,0.58,11.0,6.0,0.05272727272727273
25.0,5.0,S_B,0.48,10.0,5.0,0.048
25.0,6.0,S_NB,0.38,10.0,5.0,0.038
25.0,7.0,S_EIG,0.44,9.0,4.0,0.04888888888888889
25.0,8.0,S_NEIG,0.34,8.0,3.0,0.0425
25.0,9.0,S_DU,0.52,10.0,5.0,0.052000000000000005
25.0,10.0,S_NDU,0.58,12.0,7.0,0.04833333333333333
25.0,11.0,S_DC,0.62,11.0,6.0,0.056363636363636366
25.0,12.0,S_NDC,0.52,10.0,5.0,0.052000000000000005
26.0,0.0,random,0.52,9.0,4.0,0.05777777777777778
26.0,1.0,S_E,0.56,10.0,5.0,0.05600000000000001
26.0,2.0,S_NE,0.46,13.0,8.0,0.03538461538461539
26.0,3.0,S_W,0.62,10.0,5.0,0.062
26.0,4.0,S_NW,0.4,8.0,3.0,0.05
26.0,5.0,S_B,0.44,11.0,6.0,0.04
26.0,6.0,S_NB,0.38,8.0,3.0,0.0475
26.0,7.0,S_EIG,0.48,10.0,5.0,0.048
26.0,8.0,S_NEIG,0.68,14.0,9.0,0.04857142857142858
26.0,9.0,S_DU,0.44,10.0,5.0,0.044
26.0,10.0,S_NDU,0.38,8.0,3.0,0.0475
26.0,11.0,S_DC,0.48,11.0,6.0,0.04363636363636363
26.0,12.0,S_NDC,0.54,9.0,4.0,0.060000000000000005
27.0,0.0,random,0.68,13.0,8.0,0.05230769230769231
27.0,1.0,S_E,0.64,9.0,4.0,0.07111111111111111
27.0,2.0,S_NE,0.48,10.0,5.0,0.048
27.0,3.0,S_W,0.76,10.0,5.0,0.076
27.0,4.0,S_NW,0.58,9.0,4.0,0.06444444444444444
27.0,5.0,S_B,0.58,12.0,7.0,0.04833333333333333
27.0,6.0,S_NB,0.64,14.0,9.0,0.045714285714285714
27.0,7.0,S_EIG,0.42,8.0,3.0,0.0525
27.0,8.0,S_NEIG,0.26,9.0,4.0,0.02888888888888889
27.0,9.0,S_DU,0.64,10.0,5.0,0.064
27.0,10.0,S_NDU,0.38,11.0,6.0,0.034545454545454546
27.0,11.0,S_DC,0.7,8.0,3.0,0.0875
27.0,12.0,S_NDC,0.66,11.0,6.0,0.060000000000000005
28.0,0.0,random,0.38,11.0,6.0,0.034545454545454546
28.0,1.0,S_E,0.42,10.0,5.0,0.041999999999999996
28.0,2.0,S_NE,0.34,10.0,5.0,0.034
28.0,3.0,S_W,0.32,10.0,5.0,0.032
28.0,4.0,S_NW,0.48,15.0,10.0,0.032
28.0,5.0,S_B,0.32,10.0,5.0,0.032
28.0,6.0,S_NB,0.4,8.0,3.0,0.05
28.0,7.0,S_EIG,0.52,11.0,6.0,0.04727272727272727
28.0,8.0,S_NEIG,0.4,8.0,3.0,0.05
28.0,9.0,S_DU,0.28,9.0,4.0,0.031111111111111114
28.0,10.0,S_NDU,0.44,12.0,7.0,0.03666666666666667
28.0,11.0,S_DC,0.44,11.0,6.0,0.04
28.0,12.0,S_NDC,0.4,11.0,6.0,0.03636363636363637
29.0,0.0,random,0.6,15.0,10.0,0.04
29.0,1.0,S_E,0.42,8.0,3.0,0.0525
29.0,2.0,S_NE,0.4,10.0,5.0,0.04
29.0,3.0,S_W,0.52,12.0,7.0,0.043333333333333335
29.0,4.0,S_NW,0.56,12.0,7.0,0.04666666666666667
29.0,5.0,S_B,0.48,9.0,4.0,0.05333333333333333
29.0,6.0,S_NB,0.58,16.0,11.0,0.03625
29.0,7.0,S_EIG,0.56,15.0,10.0,0.037333333333333336
29.0,8.0,S_NEIG,0.46,8.0,3.0,0.0575
29.0,9.0,S_DU,0.56,11.0,6.0,0.05090909090909091
29.0,10.0,S_NDU,0.46,8.0,3.0,0.0575
29.0,11.0,S_DC,0.62,11.0,6.0,0.056363636363636366
29.0,12.0,S_NDC,0.46,10.0,5.0,0.046
30.0,0.0,random,0.62,8.0,3.0,0.0775
30.0,1.0,S_E,0.7,10.0,5.0,0.06999999999999999
30.0,2.0,S_NE,0.36,8.0,3.0,0.045
30.0,3.0,S_W,0.7,9.0,4.0,0.07777777777777778
30.0,4.0,S_NW,0.62,9.0,4.0,0.06888888888888889
30.0,5.0,S_B,0.32,9.0,4.0,0.035555555555555556
30.0,6.0,S_NB,0.48,9.0,4.0,0.05333333333333333
30.0,7.0,S_EIG,0.52,10.0,5.0,0.052000000000000005
30.0,8.0,S_NEIG,0.54,11.0,6.0,0.049090909090909095
30.0,9.0,S_DU,0.56,12.0,7.0,0.04666666666666667
30.0,10.0,S_NDU,0.46,9.0,4.0,0.051111111111111114
30.0,11.0,S_DC,0.58,12.0,7.0,0.04833333333333333
30.0,12.0,S_NDC,0.74,11.0,6.0,0.06727272727272728
31.0,0.0,random,0.6,8.0,3.0,0.075
31.0,1.0,S_E,0.62,10.0,5.0,0.062
31.0,2.0,S_NE,0.58,10.0,5.0,0.057999999999999996
31.0,3.0,S_W,0.46,8.0,3.0,0.0575
31.0,4.0,S_NW,0.56,11.0,6.0,0.05090909090909091
31.0,5.0,S_B,0.52,10.0,5.0,0.052000000000000005
31.0,6.0,S_NB,0.5,9.0,4.0,0.05555555555555555
31.0,7.0,S_EIG,0.6,10.0,5.0,0.06
31.0,8.0,S_NEIG,0.64,11.0,6.0,0.05818181818181818
31.0,9.0,S_DU,0.54,11.0,6.0,0.049090909090909095
31.0,10.0,S_NDU,0.46,9.0,4.0,0.051111111111111114
31.0,11.0,S_DC,0.6,11.0,6.0,0.05454545454545454
31.0,12.0,S_NDC,0.52,9.0,4.0,0.05777777777777778
32.0,0.0,random,0.42,12.0,7.0,0.034999999999999996
32.0,1.0,S_E,0.38,9.0,4.0,0.042222222222222223
32.0,2.0,S_NE,0.6,8.0,3.0,0.075
32.0,3.0,S_W,0.64,10.0,5.0,0.064
32.0,4.0,S_NW,0.6,11.0,6.0,0.05454545454545454
32.0,5.0,S_B,0.6,10.0,5.0,0.06
32.0,6.0,S_NB,0.7,11.0,6.0,0.06363636363636363
32.0,7.0,S_EIG,0.64,11.0,6.0,0.05818181818181818
32.0,8.0,S_NEIG,0.46,11.0,6.0,0.04181818181818182
32.0,9.0,S_DU,0.7,13.0,8.0,0.05384615384615384
32.0,10.0,S_NDU,0.46,9.0,4.0,0.051111111111111114
32.0,11.0,S_DC,0.66,12.0,7.0,0.055
32.0,12.0,S_NDC,0.62,12.0,7.0,0.051666666666666666
33.0,0.0,random,0.54,10.0,5.0,0.054000000000000006
33.0,1.0,S_E,0.54,9.0,4.0,0.060000000000000005
33.0,2.0,S_NE,0.56,10.0,5.0,0.05600000000000001
33.0,3.0,S_W,0.56,11.0,6.0,0.05090909090909091
33.0,4.0,S_NW,0.54,9.0,4.0,0.060000000000000005
33.0,5.0,S_B,0.54,10.0,5.0,0.054000000000000006
33.0,6.0,S_NB,0.54,9.0,4.0,0.060000000000000005
33.0,7.0,S_EIG,0.46,9.0,4.0,0.051111111111111114
33.0,8.0,S_NEIG,0.5,9.0,4.0,0.05555555555555555
33.0,9.0,S_DU,0.58,9.0,4.0,0.06444444444444444
33.0,10.0,S_NDU,0.62,12.0,7.0,0.051666666666666666
33.0,11.0,S_DC,0.56,9.0,4.0,0.06222222222222223
33.0,12.0,S_NDC,0.6,14.0,9.0,0.04285714285714286
34.0,0.0,random,0.58,11.0,6.0,0.05272727272727273
34.0,1.0,S_E,0.64,8.0,3.0,0.08
34.0,2.0,S_NE,0.58,8.0,3.0,0.0725
34.0,3.0,S_W,0.58,11.0,6.0,0.05272727272727273
34.0,4.0,S_NW,0.46,10.0,5.0,0.046
34.0,5.0,S_B,0.52,9.0,4.0,0.05777777777777778
34.0,6.0,S_NB,0.62,10.0,5.0,0.062
34.0,7.0,S_EIG,0.64,12.0,7.0,0.05333333333333334
34.0,8.0,S_NEIG,0.7,10.0,5.0,0.06999999999999999
34.0,9.0,S_DU,0.48,9.0,4.0,0.05333333333333333
34.0,10.0,S_NDU,0.72,13.0,8.0,0.05538461538461538
34.0,11.0,S_DC,0.56,9.0,4.0,0.06222222222222223
34.0,12.0,S_NDC,0.72,13.0,8.0,0.05538461538461538
35.0,0.0,random,0.64,11.0,6.0,0.05818181818181818
35.0,1.0,S_E,0.58,8.0,3.0,0.0725
35.0,2.0,S_NE,0.5,8.0,3.0,0.0625
35.0,3.0,S_W,0.64,9.0,4.0,0.07111111111111111
35.0,4.0,S_NW,0.5,11.0,6.0,0.045454545454545456
35.0,5.0,S_B,0.46,9.0,4.0,0.051111111111111114
35.0,6.0,S_NB,0.44,10.0,5.0,0.044
35.0,7.0,S_EIG,0.46,13.0,8.0,0.03538461538461539
35.0,8.0,S_NEIG,0.64,9.0,4.0,0.07111111111111111
35.0,9.0,S_DU,0.6,12.0,7.0,0.049999999999999996
35.0,10.0,S_NDU,0.46,12.0,7.0,0.03833333333333334
35.0,11.0,S_DC,0.52,8.0,3.0,0.065
35.0,12.0,S_NDC,0.48,12.0,7.0,0.04
36.0,0.0,random,0.44,8.0,3.0,0.055
36.0,1.0,S_E,0.5,8.0,3.0,0.0625
36.0,2.0,S_NE,0.46,12.0,7.0,0.03833333333333334
36.0,3.0,S_W,0.54,8.0,3.0,0.0675
36.0,4.0,S_NW,0.28,8.0,3.0,0.035
36.0,5.0,S_B,0.5,11.0,6.0,0.045454545454545456
36.0,6.0,S_NB,0.64,13.0,8.0,0.04923076923076923
36.0,7.0,S_EIG,0.32,8.0,3.0,0.04
36.0,8.0,S_NEIG,0.28,10.0,5.0,0.028000000000000004
36.0,9.0,S_DU,0.36,8.0,3.0,0.045
36.0,10.0,S_NDU,0.36,8.0,3.0,0.045
36.0,11.0,S_DC,0.28,8.0,3.0,0.035
36.0,12.0,S_NDC,0.44,8.0,3.0,0.055
37.0,0.0,random,0.76,9.0,4.0,0.08444444444444445
37.0,1.0,S_E,0.7,10.0,5.0,0.06999999999999999
37.0,2.0,S_NE,0.7,10.0,5.0,0.06999999999999999
37.0,3.0,S_W,0.7,13.0,8.0,0.05384615384615384
37.0,4.0,S_NW,0.7,9.0,4.0,0.07777777777777778
37.0,5.0,S_B,0.78,10.0,5.0,0.078
37.0,6.0,S_NB,0.62,8.0,3.0,0.0775
37.0,7.0,S_EIG,0.72,9.0,4.0,0.08
37.0,8.0,S_NEIG,0.62,10.0,5.0,0.062
37.0,9.0,S_DU,0.62,9.0,4.0,0.06888888888888889
37.0,10.0,S_NDU,0.68,8.0,3.0,0.085
37.0,11.0,S_DC,0.7,9.0,4.0,0.07777777777777778
37.0,12.0,S_NDC,0.72,9.0,4.0,0.08
38.0,0.0,random,0.54,12.0,7.0,0.045000000000000005
38.0,1.0,S_E,0.44,10.0,5.0,0.044
38.0,2.0,S_NE,0.52,11.0,6.0,0.04727272727272727
38.0,3.0,S_W,0.52,10.0,5.0,0.052000000000000005
38.0,4.0,S_NW,0.58,10.0,5.0,0.057999999999999996
38.0,5.0,S_B,0.58,12.0,7.0,0.04833333333333333
38.0,6.0,S_NB,0.58,11.0,6.0,0.05272727272727273
38.0,7.0,S_EIG,0.48,10.0,5.0,0.048
38.0,8.0,S_NEIG,0.46,11.0,6.0,0.04181818181818182
38.0,9.0,S_DU,0.42,8.0,3.0,0.0525
38.0,10.0,S_NDU,0.58,11.0,6.0,0.05272727272727273
38.0,11.0,S_DC,0.44,9.0,4.0,0.04888888888888889
38.0,12.0,S_NDC,0.46,11.0,6.0,0.04181818181818182
39.0,0.0,random,0.5,10.0,5.0,0.05
39.0,1.0,S_E,0.5,8.0,3.0,0.0625
39.0,2.0,S_NE,0.6,11.0,6.0,0.05454545454545454
39.0,3.0,S_W,0.6,13.0,8.0,0.04615384615384615
39.0,4.0,S_NW,0.46,10.0,5.0,0.046
39.0,5.0,S_B,0.52,11.0,6.0,0.04727272727272727
39.0,6.0,S_NB,0.68,13.0,8.0,0.05230769230769231
39.0,7.0,S_EIG,0.58,11.0,6.0,0.05272727272727273
39.0,8.0,S_NEIG,0.52,10.0,5.0,0.052000000000000005
39.0,9.0,S_DU,0.58,9.0,4.0,0.06444444444444444
39.0,10.0,S_NDU,0.58,9.0,4.0,0.06444444444444444
39.0,11.0,S_DC,0.62,9.0,4.0,0.06888888888888889
39.0,12.0,S_NDC,0.56,9.0,4.0,0.06222222222222223
40.0,0.0,random,0.34,8.0,3.0,0.0425
40.0,1.0,S_E,0.36,8.0,3.0,0.045
40.0,2.0,S_NE,0.44,11.0,6.0,0.04
40.0,3.0,S_W,0.7,11.0,6.0,0.06363636363636363
40.0,4.0,S_NW,0.58,12.0,7.0,0.04833333333333333
40.0,5.0,S_B,0.64,9.0,4.0,0.07111111111111111
40.0,6.0,S_NB,0.28,8.0,3.0,0.035
40.0,7.0,S_EIG,0.66,10.0,5.0,0.066
40.0,8.0,S_NEIG,0.66,14.0,9.0,0.047142857142857146
40.0,9.0,S_DU,0.48,9.0,4.0,0.05333333333333333
40.0,10.0,S_NDU,0.46,8.0,3.0,0.0575
40.0,11.0,S_DC,0.6,8.0,3.0,0.075
40.0,12.0,S_NDC,0.54,8.0,3.0,0.0675
41.0,0.0,random,0.42,9.0,4.0,0.04666666666666666
41.0,1.0,S_E,0.58,12.0,7.0,0.04833333333333333
41.0,2.0,S_NE,0.54,12.0,7.0,0.045000000000000005
41.0,3.0,S_W,0.6,13.0,8.0,0.04615384615384615
41.0,4.0,S_NW,0.52,11.0,6.0,0.04727272727272727
41.0,5.0,S_B,0.48,8.0,3.0,0.06
41.0,6.0,S_NB,0.6,13.0,8.0,0.04615384615384615
41.0,7.0,S_EIG,0.58,10.0,5.0,0.057999999999999996
41.0,8.0,S_NEIG,0.52,12.0,7.0,0.043333333333333335
41.0,9.0,S_DU,0.6,11.0,6.0,0.05454545454545454
41.0,10.0,S_NDU,0.5,8.0,3.0,0.0625
41.0,11.0,S_DC,0.6,10.0,5.0,0.06
41.0,12.0,S_NDC,0.68,14.0,9.0,0.04857142857142858
42.0,0.0,random,0.36,10.0,5.0,0.036
42.0,1.0,S_E,0.54,15.0,10.0,0.036000000000000004
42.0,2.0,S_NE,0.66,10.0,5.0,0.066
42.0,3.0,S_W,0.54,16.0,11.0,0.03375
42.0,4.0,S_NW,0.32,8.0,3.0,0.04
42.0,5.0,S_B,0.42,11.0,6.0,0.03818181818181818
42.0,6.0,S_NB,0.34,9.0,4.0,0.03777777777777778
42.0,7.0,S_EIG,0.5,9.0,4.0,0.05555555555555555
42.0,8.0,S_NEIG,0.34,8.0,3.0,0.0425
42.0,9.0,S_DU,0.32,8.0,3.0,0.04
42.0,10.0,S_NDU,0.38,11.0,6.0,0.034545454545454546
42.0,11.0,S_DC,0.62,11.0,6.0,0.056363636363636366
42.0,12.0,S_NDC,0.38,11.0,6.0,0.034545454545454546
43.0,0.0,random,0.58,11.0,6.0,0.05272727272727273
43.0,1.0,S_E,0.66,11.0,6.0,0.060000000000000005
43.0,2.0,S_NE,0.72,8.0,3.0,0.09
43.0,3.0,S_W,0.68,11.0,6.0,0.06181818181818182
43.0,4.0,S_NW,0.74,9.0,4.0,0.08222222222222222
43.0,5.0,S_B,0.74,9.0,4.0,0.08222222222222222
43.0,6.0,S_NB,0.76,8.0,3.0,0.095
43.0,7.0,S_EIG,0.68,8.0,3.0,0.085
43.0,8.0,S_NEIG,0.78,8.0,3.0,0.0975
43.0,9.0,S_DU,0.62,10.0,5.0,0.062
43.0,10.0,S_NDU,0.62,8.0,3.0,0.0775
43.0,11.0,S_DC,0.5,9.0,4.0,0.05555555555555555
43.0,12.0,S_NDC,0.66,8.0,3.0,0.0825
44.0,0.0,random,0.6,9.0,4.0,0.06666666666666667
44.0,1.0,S_E,0.62,8.0,3.0,0.0775
44.0,2.0,S_NE,0.58,9.0,4.0,0.06444444444444444
44.0,3.0,S_W,0.64,8.0,3.0,0.08
44.0,4.0,S_NW,0.62,11.0,6.0,0.056363636363636366
44.0,5.0,S_B,0.72,12.0,7.0,0.06
44.0,6.0,S_NB,0.6,10.0,5.0,0.06
44.0,7.0,S_EIG,0.64,10.0,5.0,0.064
44.0,8.0,S_NEIG,0.6,9.0,4.0,0.06666666666666667
44.0,9.0,S_DU,0.74,12.0,7.0,0.06166666666666667
44.0,10.0,S_NDU,0.64,8.0,3.0,0.08
44.0,11.0,S_DC,0.64,10.0,5.0,0.064
44.0,12.0,S_NDC,0.66,10.0,5.0,0.066
45.0,0.0,random,0.54,13.0,8.0,0.04153846153846154
45.0,1.0,S_E,0.5,8.0,3.0,0.0625
45.0,2.0,S_NE,0.44,10.0,5.0,0.044
45.0,3.0,S_W,0.56,10.0,5.0,0.05600000000000001
45.0,4.0,S_NW,0.52,10.0,5.0,0.052000000000000005
45.0,5.0,S_B,0.54,12.0,7.0,0.045000000000000005
45.0,6.0,S_NB,0.44,8.0,3.0,0.055
45.0,7.0,S_EIG,0.46,11.0,6.0,0.04181818181818182
45.0,8.0,S_NEIG,0.68,11.0,6.0,0.06181818181818182
45.0,9.0,S_DU,0.58,12.0,7.0,0.04833333333333333
45.0,10.0,S_NDU,0.62,11.0,6.0,0.056363636363636366
45.0,11.0,S_DC,0.6,11.0,6.0,0.05454545454545454
45.0,12.0,S_NDC,0.62,10.0,5.0,0.062
46.0,0.0,random,0.56,12.0,7.0,0.04666666666666667
46.0,1.0,S_E,0.6,10.0,5.0,0.06
46.0,2.0,S_NE,0.5,8.0,3.0,0.0625
46.0,3.0,S_W,0.6,12.0,7.0,0.049999999999999996
46.0,4.0,S_NW,0.48,9.0,4.0,0.05333333333333333
46.0,5.0,S_B,0.56,10.0,5.0,0.05600000000000001
46.0,6.0,S_NB,0.52,9.0,4.0,0.05777777777777778
46.0,7.0,S_EIG,0.52,11.0,6.0,0.04727272727272727
46.0,8.0,S_NEIG,0.54,8.0,3.0,0.0675
46.0,9.0,S_DU,0.54,10.0,5.0,0.054000000000000006
46.0,10.0,S_NDU,0.58,11.0,6.0,0.05272727272727273
46.0,11.0,S_DC,0.5,9.0,4.0,0.05555555555555555
46.0,12.0,S_NDC,0.5,11.0,6.0,0.045454545454545456
47.0,0.0,random,0.8,13.0,8.0,0.06153846153846154
47.0,1.0,S_E,0.6,14.0,9.0,0.04285714285714286
47.0,2.0,S_NE,0.44,9.0,4.0,0.04888888888888889
47.0,3.0,S_W,0.66,8.0,3.0,0.0825
47.0,4.0,S_NW,0.62,9.0,4.0,0.06888888888888889
47.0,5.0,S_B,0.82,14.0,9.0,0.058571428571428566
47.0,6.0,S_NB,0.42,10.0,5.0,0.041999999999999996
47.0,7.0,S_EIG,0.44,8.0,3.0,0.055
47.0,8.0,S_NEIG,0.74,8.0,3.0,0.0925
47.0,9.0,S_DU,0.64,11.0,6.0,0.05818181818181818
47.0,10.0,S_NDU,0.68,9.0,4.0,0.07555555555555556
47.0,11.0,S_DC,0.48,11.0,6.0,0.04363636363636363
47.0,12.0,S_NDC,0.54,8.0,3.0,0.0675
48.0,0.0,random,0.42,10.0,5.0,0.041999999999999996
48.0,1.0,S_E,0.48,11.0,6.0,0.04363636363636363
48.0,2.0,S_NE,0.54,10.0,5.0,0.054000000000000006
48.0,3.0,S_W,0.5,12.0,7.0,0.041666666666666664
48.0,4.0,S_NW,0.58,10.0,5.0,0.057999999999999996
48.0,5.0,S_B,0.6,10.0,5.0,0.06
48.0,6.0,S_NB,0.28,13.0,8.0,0.02153846153846154
48.0,7.0,S_EIG,0.52,10.0,5.0,0.052000000000000005
48.0,8.0,S_NEIG,0.3,9.0,4.0,0.03333333333333333
48.0,9.0,S_DU,0.34,12.0,7.0,0.028333333333333335
48.0,10.0,S_NDU,0.56,10.0,5.0,0.05600000000000001
48.0,11.0,S_DC,0.4,12.0,7.0,0.03333333333333333
48.0,12.0,S_NDC,0.4,9.0,4.0,0.044444444444444446
49.0,0.0,random,0.54,8.0,3.0,0.0675
49.0,1.0,S_E,0.5,10.0,5.0,0.05
49.0,2.0,S_NE,0.58,9.0,4.0,0.06444444444444444
49.0,3.0,S_W,0.56,10.0,5.0,0.05600000000000001
49.0,4.0,S_NW,0.52,8.0,3.0,0.065
49.0,5.0,S_B,0.64,11.0,6.0,0.05818181818181818
49.0,6.0,S_NB,0.52,9.0,4.0,0.05777777777777778
49.0,7.0,S_EIG,0.52,8.0,3.0,0.065
49.0,8.0,S_NEIG,0.56,10.0,5.0,0.05600000000000001
49.0,9.0,S_DU,0.58,10.0,5.0,0.057999999999999996
49.0,10.0,S_NDU,0.64,12.0,7.0,0.05333333333333334
49.0,11.0,S_DC,0.56,10.0,5.0,0.05600000000000001
49.0,12.0,S_NDC,0.64,11.0,6.0,0.05818181818181818
50.0,0.0,random,0.58,10.0,5.0,0.057999999999999996
50.0,1.0,S_E,0.42,9.0,4.0,0.04666666666666666
50.0,2.0,S_NE,0.4,11.0,6.0,0.03636363636363637
50.0,3.0,S_W,0.44,8.0,3.0,0.055
50.0,4.0,S_NW,0.36,11.0,6.0,0.03272727272727272
50.0,5.0,S_B,0.42,10.0,5.0,0.041999999999999996
50.0,6.0,S_NB,0.34,8.0,3.0,0.0425
50.0,7.0,S_EIG,0.52,12.0,7.0,0.043333333333333335
50.0,8.0,S_NEIG,0.38,11.0,6.0,0.034545454545454546
50.0,9.0,S_DU,0.44,12.0,7.0,0.03666666666666667
50.0,10.0,S_NDU,0.42,8.0,3.0,0.0525
50.0,11.0,S_DC,0.44,8.0,3.0,0.055
50.0,12.0,S_NDC,0.38,12.0,7.0,0.03166666666666667
51.0,0.0,random,0.58,10.0,5.0,0.057999999999999996
51.0,1.0,S_E,0.6,10.0,5.0,0.06
51.0,2.0,S_NE,0.5,8.0,3.0,0.0625
51.0,3.0,S_W,0.56,11.0,6.0,0.05090909090909091
51.0,4.0,S_NW,0.58,9.0,4.0,0.06444444444444444
51.0,5.0,S_B,0.62,9.0,4.0,0.06888888888888889
51.0,6.0,S_NB,0.56,8.0,3.0,0.07
51.0,7.0,S_EIG,0.52,8.0,3.0,0.065
51.0,8.0,S_NEIG,0.6,8.0,3.0,0.075
51.0,9.0,S_DU,0.52,9.0,4.0,0.05777777777777778
51.0,10.0,S_NDU,0.58,9.0,4.0,0.06444444444444444
51.0,11.0,S_DC,0.64,11.0,6.0,0.05818181818181818
51.0,12.0,S_NDC,0.64,12.0,7.0,0.05333333333333334
52.0,0.0,random,0.44,10.0,5.0,0.044
52.0,1.0,S_E,0.38,8.0,3.0,0.0475
52.0,2.0,S_NE,0.54,12.0,7.0,0.045000000000000005
52.0,3.0,S_W,0.44,8.0,3.0,0.055
52.0,4.0,S_NW,0.4,8.0,3.0,0.05
52.0,5.0,S_B,0.46,12.0,7.0,0.03833333333333334
52.0,6.0,S_NB,0.44,9.0,4.0,0.04888888888888889
52.0,7.0,S_EIG,0.5,11.0,6.0,0.045454545454545456
52.0,8.0,S_NEIG,0.54,10.0,5.0,0.054000000000000006
52.0,9.0,S_DU,0.5,14.0,9.0,0.03571428571428571
52.0,10.0,S_NDU,0.42,8.0,3.0,0.0525
52.0,11.0,S_DC,0.52,12.0,7.0,0.043333333333333335
52.0,12.0,S_NDC,0.58,12.0,7.0,0.04833333333333333
53.0,0.0,random,0.4,10.0,5.0,0.04
53.0,1.0,S_E,0.42,12.0,7.0,0.034999999999999996
53.0,2.0,S_NE,0.38,14.0,9.0,0.027142857142857142
53.0,3.0,S_W,0.38,11.0,6.0,0.034545454545454546
53.0,4.0,S_NW,0.36,8.0,3.0,0.045
53.0,5.0,S_B,0.36,9.0,4.0,0.04
53.0,6.0,S_NB,0.3,11.0,6.0,0.02727272727272727
53.0,7.0,S_EIG,0.36,10.0,5.0,0.036
53.0,8.0,S_NEIG,0.38,11.0,6.0,0.034545454545454546
53.0,9.0,S_DU,0.36,13.0,8.0,0.02769230769230769
53.0,10.0,S_NDU,0.42,10.0,5.0,0.041999999999999996
53.0,11.0,S_DC,0.36,11.0,6.0,0.03272727272727272
53.0,12.0,S_NDC,0.38,12.0,7.0,0.03166666666666667
54.0,0.0,random,0.58,9.0,4.0,0.06444444444444444
54.0,1.0,S_E,0.4,8.0,3.0,0.05
54.0,2.0,S_NE,0.44,8.0,3.0,0.055
54.0,3.0,S_W,0.54,10.0,5.0,0.054000000000000006
54.0,4.0,S_NW,0.34,9.0,4.0,0.03777777777777778
54.0,5.0,S_B,0.62,10.0,5.0,0.062
54.0,6.0,S_NB,0.54,9.0,4.0,0.060000000000000005
54.0,7.0,S_EIG,0.56,9.0,4.0,0.06222222222222223
54.0,8.0,S_NEIG,0.44,9.0,4.0,0.04888888888888889
54.0,9.0,S_DU,0.7,11.0,6.0,0.06363636363636363
54.0,10.0,S_NDU,0.4,8.0,3.0,0.05
54.0,11.0,S_DC,0.72,12.0,7.0,0.06
54.0,12.0,S_NDC,0.46,9.0,4.0,0.051111111111111114
55.0,0.0,random,0.56,8.0,3.0,0.07
55.0,1.0,S_E,0.66,11.0,6.0,0.060000000000000005
55.0,2.0,S_NE,0.66,9.0,4.0,0.07333333333333333
55.0,3.0,S_W,0.64,13.0,8.0,0.04923076923076923
55.0,4.0,S_NW,0.56,12.0,7.0,0.04666666666666667
55.0,5.0,S_B,0.54,8.0,3.0,0.0675
55.0,6.0,S_NB,0.62,9.0,4.0,0.06888888888888889
55.0,7.0,S_EIG,0.52,9.0,4.0,0.05777777777777778
55.0,8.0,S_NEIG,0.56,10.0,5.0,0.05600000000000001
55.0,9.0,S_DU,0.54,8.0,3.0,0.0675
55.0,10.0,S_NDU,0.54,8.0,3.0,0.0675
55.0,11.0,S_DC,0.6,9.0,4.0,0.06666666666666667
55.0,12.0,S_NDC,0.58,11.0,6.0,0.05272727272727273
56.0,0.0,random,0.52,9.0,4.0,0.05777777777777778
56.0,1.0,S_E,0.54,8.0,3.0,0.0675
56.0,2.0,S_NE,0.58,10.0,5.0,0.057999999999999996
56.0,3.0,S_W,0.52,12.0,7.0,0.043333333333333335
56.0,4.0,S_NW,0.58,11.0,6.0,0.05272727272727273
56.0,5.0,S_B,0.52,8.0,3.0,0.065
56.0,6.0,S_NB,0.5,13.0,8.0,0.038461538461538464
56.0,7.0,S_EIG,0.6,11.0,6.0,0.05454545454545454
56.0,8.0,S_NEIG,0.54,9.0,4.0,0.060000000000000005
56.0,9.0,S_DU,0.5,9.0,4.0,0.05555555555555555
56.0,10.0,S_NDU,0.66,8.0,3.0,0.0825
56.0,11.0,S_DC,0.52,11.0,6.0,0.04727272727272727
56.0,12.0,S_NDC,0.62,10.0,5.0,0.062
57.0,0.0,random,0.6,11.0,6.0,0.05454545454545454
57.0,1.0,S_E,0.7,13.0,8.0,0.05384615384615384
57.0,2.0,S_NE,0.54,10.0,5.0,0.054000000000000006
57.0,3.0,S_W,0.66,8.0,3.0,0.0825
57.0,4.0,S_NW,0.58,10.0,5.0,0.057999999999999996
57.0,5.0,S_B,0.6,9.0,4.0,0.06666666666666667
57.0,6.0,S_NB,0.78,12.0,7.0,0.065
57.0,7.0,S_EIG,0.6,9.0,4.0,0.06666666666666667
57.0,8.0,S_NEIG,0.56,9.0,4.0,0.06222222222222223
57.0,9.0,S_DU,0.64,8.0,3.0,0.08
57.0,10.0,S_NDU,0.68,12.0,7.0,0.05666666666666667
57.0,11.0,S_DC,0.74,8.0,3.0,0.0925
57.0,12.0,S_NDC,0.72,11.0,6.0,0.06545454545454545
58.0,0.0,random,0.52,8.0,3.0,0.065
58.0,1.0,S_E,0.48,10.0,5.0,0.048
58.0,2.0,S_NE,0.54,11.0,6.0,0.049090909090909095
58.0,3.0,S_W,0.6,11.0,6.0,0.05454545454545454
58.0,4.0,S_NW,0.52,11.0,6.0,0.04727272727272727
58.0,5.0,S_B,0.6,11.0,6.0,0.05454545454545454
58.0,6.0,S_NB,0.74,11.0,6.0,0.06727272727272728
58.0,7.0,S_EIG,0.82,15.0,10.0,0.05466666666666666
58.0,8.0,S_NEIG,0.64,10.0,5.0,0.064
58.0,9.0,S_DU,0.58,9.0,4.0,0.06444444444444444
58.0,10.0,S_NDU,0.76,11.0,6.0,0.06909090909090909
58.0,11.0,S_DC,0.68,12.0,7.0,0.05666666666666667
58.0,12.0,S_NDC,0.76,9.0,4.0,0.08444444444444445
59.0,0.0,random,0.4,9.0,4.0,0.044444444444444446
59.0,1.0,S_E,0.46,9.0,4.0,0.051111111111111114
59.0,2.0,S_NE,0.44,8.0,3.0,0.055
59.0,3.0,S_W,0.64,13.0,8.0,0.04923076923076923
59.0,4.0,S_NW,0.58,10.0,5.0,0.057999999999999996
59.0,5.0,S_B,0.38,9.0,4.0,0.042222222222222223
59.0,6.0,S_NB,0.38,9.0,4.0,0.042222222222222223
59.0,7.0,S_EIG,0.54,8.0,3.0,0.0675
59.0,8.0,S_NEIG,0.54,12.0,7.0,0.045000000000000005
59.0,9.0,S_DU,0.54,10.0,5.0,0.054000000000000006
59.0,10.0,S_NDU,0.42,8.0,3.0,0.0525
59.0,11.0,S_DC,0.64,11.0,6.0,0.05818181818181818
59.0,12.0,S_NDC,0.52,8.0,3.0,0.065
60.0,0.0,random,0.5,13.0,8.0,0.038461538461538464
60.0,1.0,S_E,0.3,9.0,4.0,0.03333333333333333
60.0,2.0,S_NE,0.38,11.0,6.0,0.034545454545454546
60.0,3.0,S_W,0.5,8.0,3.0,0.0625
60.0,4.0,S_NW,0.4,11.0,6.0,0.03636363636363637
60.0,5.0,S_B,0.48,9.0,4.0,0.05333333333333333
60.0,6.0,S_NB,0.5,12.0,7.0,0.041666666666666664
60.0,7.0,S_EIG,0.6,10.0,5.0,0.06
60.0,8.0,S_NEIG,0.5,9.0,4.0,0.05555555555555555
60.0,9.0,S_DU,0.54,9.0,4.0,0.060000000000000005
60.0,10.0,S_NDU,0.4,11.0,6.0,0.03636363636363637
60.0,11.0,S_DC,0.52,9.0,4.0,0.05777777777777778
60.0,12.0,S_NDC,0.56,9.0,4.0,0.06222222222222223
61.0,0.0,random,0.74,10.0,5.0,0.074
61.0,1.0,S_E,0.64,8.0,3.0,0.08
61.0,2.0,S_NE,0.74,9.0,4.0,0.08222222222222222
61.0,3.0,S_W,0.68,8.0,3.0,0.085
61.0,4.0,S_NW,0.74,9.0,4.0,0.08222222222222222
61.0,5.0,S_B,0.76,10.0,5.0,0.076
61.0,6.0,S_NB,0.74,8.0,3.0,0.0925
61.0,7.0,S_EIG,0.7,10.0,5.0,0.06999999999999999
61.0,8.0,S_NEIG,0.68,9.0,4.0,0.07555555555555556
61.0,9.0,S_DU,0.7,8.0,3.0,0.0875
61.0,10.0,S_NDU,0.74,10.0,5.0,0.074
61.0,11.0,S_DC,0.72,8.0,3.0,0.09
61.0,12.0,S_NDC,0.7,9.0,4.0,0.07777777777777778
62.0,0.0,random,0.6,8.0,3.0,0.075
62.0,1.0,S_E,0.58,12.0,7.0,0.04833333333333333
62.0,2.0,S_NE,0.34,13.0,8.0,0.026153846153846156
62.0,3.0,S_W,0.54,12.0,7.0,0.045000000000000005
62.0,4.0,S_NW,0.56,8.0,3.0,0.07
62.0,5.0,S_B,0.64,10.0,5.0,0.064
62.0,6.0,S_NB,0.46,12.0,7.0,0.03833333333333334
62.0,7.0,S_EIG,0.52,10.0,5.0,0.052000000000000005
62.0,8.0,S_NEIG,0.52,8.0,3.0,0.065
62.0,9.0,S_DU,0.48,8.0,3.0,0.06
62.0,10.0,S_NDU,0.5,10.0,5.0,0.05
62.0,11.0,S_DC,0.58,12.0,7.0,0.04833333333333333
62.0,12.0,S_NDC,0.56,9.0,4.0,0.06222222222222223
63.0,0.0,random,0.52,15.0,10.0,0.034666666666666665
63.0,1.0,S_E,0.52,11.0,6.0,0.04727272727272727
63.0,2.0,S_NE,0.5,12.0,7.0,0.041666666666666664
63.0,3.0,S_W,0.62,16.0,11.0,0.03875
63.0,4.0,S_NW,0.48,10.0,5.0,0.048
63.0,5.0,S_B,0.54,13.0,8.0,0.04153846153846154
63.0,6.0,S_NB,0.54,9.0,4.0,0.060000000000000005
63.0,7.0,S_EIG,0.4,11.0,6.0,0.03636363636363637
63.0,8.0,S_NEIG,0.46,15.0,10.0,0.03066666666666667
63.0,9.0,S_DU,0.56,9.0,4.0,0.06222222222222223
63.0,10.0,S_NDU,0.52,9.0,4.0,0.05777777777777778
63.0,11.0,S_DC,0.44,12.0,7.0,0.03666666666666667
63.0,12.0,S_NDC,0.5,9.0,4.0,0.05555555555555555
64.0,0.0,random,0.64,9.0,4.0,0.07111111111111111
64.0,1.0,S_E,0.68,8.0,3.0,0.085
64.0,2.0,S_NE,0.64,8.0,3.0,0.08
64.0,3.0,S_W,0.74,12.0,7.0,0.06166666666666667
64.0,4.0,S_NW,0.64,9.0,4.0,0.07111111111111111
64.0,5.0,S_B,0.66,10.0,5.0,0.066
64.0,6.0,S_NB,0.6,8.0,3.0,0.075
64.0,7.0,S_EIG,0.64,10.0,5.0,0.064
64.0,8.0,S_NEIG,0.64,10.0,5.0,0.064
64.0,9.0,S_DU,0.74,8.0,3.0,0.0925
64.0,10.0,S_NDU,0.68,9.0,4.0,0.07555555555555556
64.0,11.0,S_DC,0.64,8.0,3.0,0.08
64.0,12.0,S_NDC,0.64,10.0,5.0,0.064
65.0,0.0,random,0.62,11.0,6.0,0.056363636363636366
65.0,1.0,S_E,0.54,11.0,6.0,0.049090909090909095
65.0,2.0,S_NE,0.58,12.0,7.0,0.04833333333333333
65.0,3.0,S_W,0.58,10.0,5.0,0.057999999999999996
65.0,4.0,S_NW,0.54,8.0,3.0,0.0675
65.0,5.0,S_B,0.62,8.0,3.0,0.0775
65.0,6.0,S_NB,0.52,8.0,3.0,0.065
65.0,7.0,S_EIG,0.54,9.0,4.0,0.060000000000000005
65.0,8.0,S_NEIG,0.48,8.0,3.0,0.06
65.0,9.0,S_DU,0.54,8.0,3.0,0.0675
65.0,10.0,S_NDU,0.5,8.0,3.0,0.0625
65.0,11.0,S_DC,0.7,8.0,3.0,0.0875
65.0,12.0,S_NDC,0.6,8.0,3.0,0.075
66.0,0.0,random,0.56,9.0,4.0,0.06222222222222223
66.0,1.0,S_E,0.62,9.0,4.0,0.06888888888888889
66.0,2.0,S_NE,0.62,14.0,9.0,0.04428571428571428
66.0,3.0,S_W,0.64,12.0,7.0,0.05333333333333334
66.0,4.0,S_NW,0.56,10.0,5.0,0.05600000000000001
66.0,5.0,S_B,0.58,10.0,5.0,0.057999999999999996
66.0,6.0,S_NB,0.6,12.0,7.0,0.049999999999999996
66.0,7.0,S_EIG,0.6,10.0,5.0,0.06
66.0,8.0,S_NEIG,0.56,9.0,4.0,0.06222222222222223
66.0,9.0,S_DU,0.6,9.0,4.0,0.06666666666666667
66.0,10.0,S_NDU,0.5,9.0,4.0,0.05555555555555555
66.0,11.0,S_DC,0.58,9.0,4.0,0.06444444444444444
66.0,12.0,S_NDC,0.6,9.0,4.0,0.06666666666666667
67.0,0.0,random,0.54,11.0,6.0,0.049090909090909095
67.0,1.0,S_E,0.52,11.0,6.0,0.04727272727272727
67.0,2.0,S_NE,0.48,9.0,4.0,0.05333333333333333
67.0,3.0,S_W,0.58,12.0,7.0,0.04833333333333333
67.0,4.0,S_NW,0.5,9.0,4.0,0.05555555555555555
67.0,5.0,S_B,0.46,10.0,5.0,0.046
67.0,6.0,S_NB,0.56,12.0,7.0,0.04666666666666667
67.0,7.0,S_EIG,0.52,9.0,4.0,0.05777777777777778
67.0,8.0,S_NEIG,0.48,12.0,7.0,0.04
67.0,9.0,S_DU,0.62,9.0,4.0,0.06888888888888889
67.0,10.0,S_NDU,0.58,10.0,5.0,0.057999999999999996
67.0,11.0,S_DC,0.6,12.0,7.0,0.049999999999999996
67.0,12.0,S_NDC,0.62,8.0,3.0,0.0775
68.0,0.0,random,0.54,11.0,6.0,0.049090909090909095
68.0,1.0,S_E,0.54,9.0,4.0,0.060000000000000005
68.0,2.0,S_NE,0.52,10.0,5.0,0.052000000000000005
68.0,3.0,S_W,0.48,8.0,3.0,0.06
68.0,4.0,S_NW,0.5,10.0,5.0,0.05
68.0,5.0,S_B,0.58,10.0,5.0,0.057999999999999996
68.0,6.0,S_NB,0.52,12.0,7.0,0.043333333333333335
68.0,7.0,S_EIG,0.5,8.0,3.0,0.0625
68.0,8.0,S_NEIG,0.46,8.0,3.0,0.0575
68.0,9.0,S_DU,0.56,12.0,7.0,0.04666666666666667
68.0,10.0,S_NDU,0.48,13.0,8.0,0.03692307692307692
68.0,11.0,S_DC,0.6,10.0,5.0,0.06
68.0,12.0,S_NDC,0.54,11.0,6.0,0.049090909090909095
69.0,0.0,random,0.68,10.0,5.0,0.068
69.0,1.0,S_E,0.68,9.0,4.0,0.07555555555555556
69.0,2.0,S_NE,0.44,10.0,5.0,0.044
69.0,3.0,S_W,0.62,9.0,4.0,0.06888888888888889
69.0,4.0,S_NW,0.42,10.0,5.0,0.041999999999999996
69.0,5.0,S_B,0.58,9.0,4.0,0.06444444444444444
69.0,6.0,S_NB,0.66,11.0,6.0,0.060000000000000005
69.0,7.0,S_EIG,0.66,9.0,4.0,0.07333333333333333
69.0,8.0,S_NEIG,0.44,9.0,4.0,0.04888888888888889
69.0,9.0,S_DU,0.58,12.0,7.0,0.04833333333333333
69.0,10.0,S_NDU,0.66,13.0,8.0,0.050769230769230775
69.0,11.0,S_DC,0.56,10.0,5.0,0.05600000000000001
69.0,12.0,S_NDC,0.62,13.0,8.0,0.047692307692307694
70.0,0.0,random,0.46,8.0,3.0,0.0575
70.0,1.0,S_E,0.62,12.0,7.0,0.051666666666666666
70.0,2.0,S_NE,0.54,8.0,3.0,0.0675
70.0,3.0,S_W,0.5,8.0,3.0,0.0625
70.0,4.0,S_NW,0.42,12.0,7.0,0.034999999999999996
70.0,5.0,S_B,0.58,8.0,3.0,0.0725
70.0,6.0,S_NB,0.5,12.0,7.0,0.041666666666666664
70.0,7.0,S_EIG,0.56,11.0,6.0,0.05090909090909091
70.0,8.0,S_NEIG,0.6,10.0,5.0,0.06
70.0,9.0,S_DU,0.46,8.0,3.0,0.0575
70.0,10.0,S_NDU,0.62,11.0,6.0,0.056363636363636366
70.0,11.0,S_DC,0.52,10.0,5.0,0.052000000000000005
70.0,12.0,S_NDC,0.62,10.0,5.0,0.062
71.0,0.0,random,0.68,13.0,8.0,0.05230769230769231
71.0,1.0,S_E,0.68,11.0,6.0,0.06181818181818182
71.0,2.0,S_NE,0.42,9.0,4.0,0.04666666666666666
71.0,3.0,S_W,0.64,12.0,7.0,0.05333333333333334
71.0,4.0,S_NW,0.72,13.0,8.0,0.05538461538461538
71.0,5.0,S_B,0.64,12.0,7.0,0.05333333333333334
71.0,6.0,S_NB,0.56,10.0,5.0,0.05600000000000001
71.0,7.0,S_EIG,0.68,10.0,5.0,0.068
71.0,8.0,S_NEIG,0.74,11.0,6.0,0.06727272727272728
71.0,9.0,S_DU,0.68,11.0,6.0,0.06181818181818182
71.0,10.0,S_NDU,0.58,8.0,3.0,0.0725
71.0,11.0,S_DC,0.66,13.0,8.0,0.050769230769230775
71.0,12.0,S_NDC,0.64,9.0,4.0,0.07111111111111111
72.0,0.0,random,0.42,9.0,4.0,0.04666666666666666
72.0,1.0,S_E,0.44,8.0,3.0,0.055
72.0,2.0,S_NE,0.34,8.0,3.0,0.0425
72.0,3.0,S_W,0.36,8.0,3.0,0.045
72.0,4.0,S_NW,0.36,8.0,3.0,0.045
72.0,5.0,S_B,0.4,14.0,9.0,0.028571428571428574
72.0,6.0,S_NB,0.6,14.0,9.0,0.04285714285714286
72.0,7.0,S_EIG,0.42,9.0,4.0,0.04666666666666666
72.0,8.0,S_NEIG,0.44,9.0,4.0,0.04888888888888889
72.0,9.0,S_DU,0.44,9.0,4.0,0.04888888888888889
72.0,10.0,S_NDU,0.38,9.0,4.0,0.042222222222222223
72.0,11.0,S_DC,0.3,8.0,3.0,0.0375
72.0,12.0,S_NDC,0.34,9.0,4.0,0.03777777777777778
73.0,0.0,random,0.66,10.0,5.0,0.066
73.0,1.0,S_E,0.64,14.0,9.0,0.045714285714285714
73.0,2.0,S_NE,0.48,8.0,3.0,0.06
73.0,3.0,S_W,0.6,11.0,6.0,0.05454545454545454
73.0,4.0,S_NW,0.48,9.0,4.0,0.05333333333333333
73.0,5.0,S_B,0.56,10.0,5.0,0.05600000000000001
73.0,6.0,S_NB,0.68,10.0,5.0,0.068
73.0,7.0,S_EIG,0.52,10.0,5.0,0.052000000000000005
73.0,8.0,S_NEIG,0.48,10.0,5.0,0.048
73.0,9.0,S_DU,0.54,10.0,5.0,0.054000000000000006
73.0,10.0,S_NDU,0.66,13.0,8.0,0.050769230769230775
73.0,11.0,S_DC,0.44,10.0,5.0,0.044
73.0,12.0,S_NDC,0.6,13.0,8.0,0.04615384615384615
74.0,0.0,random,0.74,12.0,7.0,0.06166666666666667
74.0,1.0,S_E,0.64,9.0,4.0,0.07111111111111111
74.0,2.0,S_NE,0.64,10.0,5.0,0.064
74.0,3.0,S_W,0.68,10.0,5.0,0.068
74.0,4.0,S_NW,0.56,9.0,4.0,0.06222222222222223
74.0,5.0,S_B,0.6,11.0,6.0,0.05454545454545454
74.0,6.0,S_NB,0.76,11.0,6.0,0.06909090909090909
74.0,7.0,S_EIG,0.58,10.0,5.0,0.057999999999999996
74.0,8.0,S_NEIG,0.62,8.0,3.0,0.0775
74.0,9.0,S_DU,0.62,10.0,5.0,0.062
74.0,10.0,S_NDU,0.6,10.0,5.0,0.06
74.0,11.0,S_DC,0.7,12.0,7.0,0.05833333333333333
74.0,12.0,S_NDC,0.6,10.0,5.0,0.06
75.0,0.0,random,0.52,11.0,6.0,0.04727272727272727
75.0,1.0,S_E,0.38,8.0,3.0,0.0475
75.0,2.0,S_NE,0.54,14.0,9.0,0.038571428571428576
75.0,3.0,S_W,0.44,8.0,3.0,0.055
75.0,4.0,S_NW,0.34,10.0,5.0,0.034
75.0,5.0,S_B,0.42,8.0,3.0,0.0525
75.0,6.0,S_NB,0.54,12.0,7.0,0.045000000000000005
75.0,7.0,S_EIG,0.42,10.0,5.0,0.041999999999999996
75.0,8.0,S_NEIG,0.24,12.0,7.0,0.02
75.0,9.0,S_DU,0.34,11.0,6.0,0.03090909090909091
75.0,10.0,S_NDU,0.66,16.0,11.0,0.04125
75.0,11.0,S_DC,0.4,9.0,4.0,0.044444444444444446
75.0,12.0,S_NDC,0.44,11.0,6.0,0.04
76.0,0.0,random,0.52,8.0,3.0,0.065
76.0,1.0,S_E,0.54,10.0,5.0,0.054000000000000006
76.0,2.0,S_NE,0.54,10.0,5.0,0.054000000000000006
76.0,3.0,S_W,0.58,11.0,6.0,0.05272727272727273
76.0,4.0,S_NW,0.48,12.0,7.0,0.04
76.0,5.0,S_B,0.5,9.0,4.0,0.05555555555555555
76.0,6.0,S_NB,0.5,11.0,6.0,0.045454545454545456
76.0,7.0,S_EIG,0.5,10.0,5.0,0.05
76.0,8.0,S_NEIG,0.54,8.0,3.0,0.0675
76.0,9.0,S_DU,0.54,12.0,7.0,0.045000000000000005
76.0,10.0,S_NDU,0.58,10.0,5.0,0.057999999999999996
76.0,11.0,S_DC,0.7,11.0,6.0,0.06363636363636363
76.0,12.0,S_NDC,0.56,10.0,5.0,0.05600000000000001
77.0,0.0,random,0.56,8.0,3.0,0.07
77.0,1.0,S_E,0.5,8.0,3.0,0.0625
77.0,2.0,S_NE,0.54,9.0,4.0,0.060000000000000005
77.0,3.0,S_W,0.58,8.0,3.0,0.0725
77.0,4.0,S_NW,0.68,12.0,7.0,0.05666666666666667
77.0,5.0,S_B,0.62,12.0,7.0,0.051666666666666666
77.0,6.0,S_NB,0.5,8.0,3.0,0.0625
77.0,7.0,S_EIG,0.56,10.0,5.0,0.05600000000000001
77.0,8.0,S_NEIG,0.54,9.0,4.0,0.060000000000000005
77.0,9.0,S_DU,0.62,11.0,6.0,0.056363636363636366
77.0,10.0,S_NDU,0.74,10.0,5.0,0.074
77.0,11.0,S_DC,0.62,10.0,5.0,0.062
77.0,12.0,S_NDC,0.6,9.0,4.0,0.06666666666666667
78.0,0.0,random,0.5,8.0,3.0,0.0625
78.0,1.0,S_E,0.54,11.0,6.0,0.049090909090909095
78.0,2.0,S_NE,0.52,11.0,6.0,0.04727272727272727
78.0,3.0,S_W,0.64,12.0,7.0,0.05333333333333334
78.0,4.0,S_NW,0.56,12.0,7.0,0.04666666666666667
78.0,5.0,S_B,0.48,9.0,4.0,0.05333333333333333
78.0,6.0,S_NB,0.54,8.0,3.0,0.0675
78.0,7.0,S_EIG,0.6,8.0,3.0,0.075
78.0,8.0,S_NEIG,0.44,12.0,7.0,0.03666666666666667
78.0,9.0,S_DU,0.62,12.0,7.0,0.051666666666666666
78.0,10.0,S_NDU,0.38,9.0,4.0,0.042222222222222223
78.0,11.0,S_DC,0.7,11.0,6.0,0.06363636363636363
78.0,12.0,S_NDC,0.62,11.0,6.0,0.056363636363636366
79.0,0.0,random,0.5,12.0,7.0,0.041666666666666664
79.0,1.0,S_E,0.56,8.0,3.0,0.07
79.0,2.0,S_NE,0.32,12.0,7.0,0.02666666666666667
79.0,3.0,S_W,0.62,10.0,5.0,0.062
79.0,4.0,S_NW,0.42,9.0,4.0,0.04666666666666666
79.0,5.0,S_B,0.4,8.0,3.0,0.05
79.0,6.0,S_NB,0.44,9.0,4.0,0.04888888888888889
79.0,7.0,S_EIG,0.38,8.0,3.0,0.0475
79.0,8.0,S_NEIG,0.3,10.0,5.0,0.03
79.0,9.0,S_DU,0.54,9.0,4.0,0.060000000000000005
79.0,10.0,S_NDU,0.48,10.0,5.0,0.048
79.0,11.0,S_DC,0.5,10.0,5.0,0.05
79.0,12.0,S_NDC,0.4,9.0,4.0,0.044444444444444446
80.0,0.0,random,0.36,15.0,10.0,0.024
80.0,1.0,S_E,0.34,14.0,9.0,0.02428571428571429
80.0,2.0,S_NE,0.38,9.0,4.0,0.042222222222222223
80.0,3.0,S_W,0.3,9.0,4.0,0.03333333333333333
80.0,4.0,S_NW,0.36,11.0,6.0,0.03272727272727272
80.0,5.0,S_B,0.32,9.0,4.0,0.035555555555555556
80.0,6.0,S_NB,0.3,9.0,4.0,0.03333333333333333
80.0,7.0,S_EIG,0.34,11.0,6.0,0.03090909090909091
80.0,8.0,S_NEIG,0.32,9.0,4.0,0.035555555555555556
80.0,9.0,S_DU,0.44,18.0,13.0,0.024444444444444446
80.0,10.0,S_NDU,0.42,14.0,9.0,0.03
80.0,11.0,S_DC,0.38,15.0,10.0,0.025333333333333333
80.0,12.0,S_NDC,0.46,14.0,9.0,0.032857142857142856
81.0,0.0,random,0.58,12.0,7.0,0.04833333333333333
81.0,1.0,S_E,0.54,10.0,5.0,0.054000000000000006
81.0,2.0,S_NE,0.5,11.0,6.0,0.045454545454545456
81.0,3.0,S_W,0.54,10.0,5.0,0.054000000000000006
81.0,4.0,S_NW,0.52,12.0,7.0,0.043333333333333335
81.0,5.0,S_B,0.54,9.0,4.0,0.060000000000000005
81.0,6.0,S_NB,0.5,11.0,6.0,0.045454545454545456
81.0,7.0,S_EIG,0.5,9.0,4.0,0.05555555555555555
81.0,8.0,S_NEIG,0.56,11.0,6.0,0.05090909090909091
81.0,9.0,S_DU,0.5,8.0,3.0,0.0625
81.0,10.0,S_NDU,0.52,8.0,3.0,0.065
81.0,11.0,S_DC,0.56,11.0,6.0,0.05090909090909091
81.0,12.0,S_NDC,0.42,8.0,3.0,0.0525
82.0,0.0,random,0.76,11.0,6.0,0.06909090909090909
82.0,1.0,S_E,0.7,8.0,3.0,0.0875
82.0,2.0,S_NE,0.74,11.0,6.0,0.06727272727272728
82.0,3.0,S_W,0.72,8.0,3.0,0.09
82.0,4.0,S_NW,0.7,8.0,3.0,0.0875
82.0,5.0,S_B,0.78,11.0,6.0,0.07090909090909091
82.0,6.0,S_NB,0.7,8.0,3.0,0.0875
82.0,7.0,S_EIG,0.72,8.0,3.0,0.09
82.0,8.0,S_NEIG,0.68,9.0,4.0,0.07555555555555556
82.0,9.0,S_DU,0.66,11.0,6.0,0.060000000000000005
82.0,10.0,S_NDU,0.74,8.0,3.0,0.0925
82.0,11.0,S_DC,0.72,13.0,8.0,0.05538461538461538
82.0,12.0,S_NDC,0.72,10.0,5.0,0.072
83.0,0.0,random,0.6,12.0,7.0,0.049999999999999996
83.0,1.0,S_E,0.5,11.0,6.0,0.045454545454545456
83.0,2.0,S_NE,0.52,11.0,6.0,0.04727272727272727
83.0,3.0,S_W,0.54,10.0,5.0,0.054000000000000006
83.0,4.0,S_NW,0.38,8.0,3.0,0.0475
83.0,5.0,S_B,0.44,8.0,3.0,0.055
83.0,6.0,S_NB,0.4,10.0,5.0,0.04
83.0,7.0,S_EIG,0.52,15.0,10.0,0.034666666666666665
83.0,8.0,S_NEIG,0.3,9.0,4.0,0.03333333333333333
83.0,9.0,S_DU,0.38,8.0,3.0,0.0475
83.0,10.0,S_NDU,0.5,10.0,5.0,0.05
83.0,11.0,S_DC,0.6,12.0,7.0,0.049999999999999996
83.0,12.0,S_NDC,0.46,13.0,8.0,0.03538461538461539
84.0,0.0,random,0.58,11.0,6.0,0.05272727272727273
84.0,1.0,S_E,0.52,8.0,3.0,0.065
84.0,2.0,S_NE,0.5,8.0,3.0,0.0625
84.0,3.0,S_W,0.56,10.0,5.0,0.05600000000000001
84.0,4.0,S_NW,0.6,12.0,7.0,0.049999999999999996
84.0,5.0,S_B,0.6,10.0,5.0,0.06
84.0,6.0,S_NB,0.58,13.0,8.0,0.04461538461538461
84.0,7.0,S_EIG,0.64,13.0,8.0,0.04923076923076923
84.0,8.0,S_NEIG,0.66,11.0,6.0,0.060000000000000005
84.0,9.0,S_DU,0.58,11.0,6.0,0.05272727272727273
84.0,10.0,S_NDU,0.62,11.0,6.0,0.056363636363636366
84.0,11.0,S_DC,0.62,11.0,6.0,0.056363636363636366
84.0,12.0,S_NDC,0.6,10.0,5.0,0.06
85.0,0.0,random,0.64,10.0,5.0,0.064
85.0,1.0,S_E,0.58,13.0,8.0,0.04461538461538461
85.0,2.0,S_NE,0.58,9.0,4.0,0.06444444444444444
85.0,3.0,S_W,0.56,9.0,4.0,0.06222222222222223
85.0,4.0,S_NW,0.52,8.0,3.0,0.065
85.0,5.0,S_B,0.56,11.0,6.0,0.05090909090909091
85.0,6.0,S_NB,0.56,9.0,4.0,0.06222222222222223
85.0,7.0,S_EIG,0.58,10.0,5.0,0.057999999999999996
85.0,8.0,S_NEIG,0.56,8.0,3.0,0.07
85.0,9.0,S_DU,0.56,8.0,3.0,0.07
85.0,10.0,S_NDU,0.52,9.0,4.0,0.05777777777777778
85.0,11.0,S_DC,0.58,9.0,4.0,0.06444444444444444
85.0,12.0,S_NDC,0.56,12.0,7.0,0.04666666666666667
86.0,0.0,random,0.54,10.0,5.0,0.054000000000000006
86.0,1.0,S_E,0.58,9.0,4.0,0.06444444444444444
86.0,2.0,S_NE,0.58,12.0,7.0,0.04833333333333333
86.0,3.0,S_W,0.7,10.0,5.0,0.06999999999999999
86.0,4.0,S_NW,0.54,8.0,3.0,0.0675
86.0,5.0,S_B,0.64,12.0,7.0,0.05333333333333334
86.0,6.0,S_NB,0.54,10.0,5.0,0.054000000000000006
86.0,7.0,S_EIG,0.58,11.0,6.0,0.05272727272727273
86.0,8.0,S_NEIG,0.5,8.0,3.0,0.0625
86.0,9.0,S_DU,0.54,10.0,5.0,0.054000000000000006
86.0,10.0,S_NDU,0.56,11.0,6.0,0.05090909090909091
86.0,11.0,S_DC,0.58,11.0,6.0,0.05272727272727273
86.0,12.0,S_NDC,0.62,11.0,6.0,0.056363636363636366
87.0,0.0,random,0.66,11.0,6.0,0.060000000000000005
87.0,1.0,S_E,0.68,9.0,4.0,0.07555555555555556
87.0,2.0,S_NE,0.5,12.0,7.0,0.041666666666666664
87.0,3.0,S_W,0.58,10.0,5.0,0.057999999999999996
87.0,4.0,S_NW,0.54,8.0,3.0,0.0675
87.0,5.0,S_B,0.6,10.0,5.0,0.06
87.0,6.0,S_NB,0.46,11.0,6.0,0.04181818181818182
87.0,7.0,S_EIG,0.66,12.0,7.0,0.055
87.0,8.0,S_NEIG,0.66,10.0,5.0,0.066
87.0,9.0,S_DU,0.72,12.0,7.0,0.06
87.0,10.0,S_NDU,0.6,10.0,5.0,0.06
87.0,11.0,S_DC,0.58,13.0,8.0,0.04461538461538461
87.0,12.0,S_NDC,0.54,12.0,7.0,0.045000000000000005
88.0,0.0,random,0.66,8.0,3.0,0.0825
88.0,1.0,S_E,0.72,8.0,3.0,0.09
88.0,2.0,S_NE,0.68,9.0,4.0,0.07555555555555556
88.0,3.0,S_W,0.66,9.0,4.0,0.07333333333333333
88.0,4.0,S_NW,0.7,11.0,6.0,0.06363636363636363
88.0,5.0,S_B,0.72,8.0,3.0,0.09
88.0,6.0,S_NB,0.64,8.0,3.0,0.08
88.0,7.0,S_EIG,0.66,8.0,3.0,0.0825
88.0,8.0,S_NEIG,0.58,8.0,3.0,0.0725
88.0,9.0,S_DU,0.68,10.0,5.0,0.068
88.0,10.0,S_NDU,0.68,8.0,3.0,0.085
88.0,11.0,S_DC,0.68,11.0,6.0,0.06181818181818182
88.0,12.0,S_NDC,0.68,9.0,4.0,0.07555555555555556
89.0,0.0,random,0.46,11.0,6.0,0.04181818181818182
89.0,1.0,S_E,0.6,10.0,5.0,0.06
89.0,2.0,S_NE,0.52,10.0,5.0,0.052000000000000005
89.0,3.0,S_W,0.4,11.0,6.0,0.03636363636363637
89.0,4.0,S_NW,0.54,10.0,5.0,0.054000000000000006
89.0,5.0,S_B,0.6,10.0,5.0,0.06
89.0,6.0,S_NB,0.6,12.0,7.0,0.049999999999999996
89.0,7.0,S_EIG,0.58,13.0,8.0,0.04461538461538461
89.0,8.0,S_NEIG,0.42,12.0,7.0,0.034999999999999996
89.0,9.0,S_DU,0.6,11.0,6.0,0.05454545454545454
89.0,10.0,S_NDU,0.54,9.0,4.0,0.060000000000000005
89.0,11.0,S_DC,0.38,10.0,5.0,0.038
89.0,12.0,S_NDC,0.56,9.0,4.0,0.06222222222222223
90.0,0.0,random,0.52,8.0,3.0,0.065
90.0,1.0,S_E,0.6,10.0,5.0,0.06
90.0,2.0,S_NE,0.56,11.0,6.0,0.05090909090909091
90.0,3.0,S_W,0.58,12.0,7.0,0.04833333333333333
90.0,4.0,S_NW,0.58,11.0,6.0,0.05272727272727273
90.0,5.0,S_B,0.7,14.0,9.0,0.049999999999999996
90.0,6.0,S_NB,0.62,12.0,7.0,0.051666666666666666
90.0,7.0,S_EIG,0.54,11.0,6.0,0.049090909090909095
90.0,8.0,S_NEIG,0.56,9.0,4.0,0.06222222222222223
90.0,9.0,S_DU,0.54,11.0,6.0,0.049090909090909095
90.0,10.0,S_NDU,0.6,11.0,6.0,0.05454545454545454
90.0,11.0,S_DC,0.54,11.0,6.0,0.049090909090909095
90.0,12.0,S_NDC,0.6,10.0,5.0,0.06
91.0,0.0,random,0.54,11.0,6.0,0.049090909090909095
91.0,1.0,S_E,0.74,9.0,4.0,0.08222222222222222
91.0,2.0,S_NE,0.56,8.0,3.0,0.07
91.0,3.0,S_W,0.82,12.0,7.0,0.06833333333333333
91.0,4.0,S_NW,0.28,8.0,3.0,0.035
91.0,5.0,S_B,0.54,10.0,5.0,0.054000000000000006
91.0,6.0,S_NB,0.82,9.0,4.0,0.0911111111111111
91.0,7.0,S_EIG,0.44,9.0,4.0,0.04888888888888889
91.0,8.0,S_NEIG,0.38,8.0,3.0,0.0475
91.0,9.0,S_DU,0.64,8.0,3.0,0.08
91.0,10.0,S_NDU,0.6,10.0,5.0,0.06
91.0,11.0,S_DC,0.44,8.0,3.0,0.055
91.0,12.0,S_NDC,0.64,10.0,5.0,0.064
92.0,0.0,random,0.52,9.0,4.0,0.05777777777777778
92.0,1.0,S_E,0.5,9.0,4.0,0.05555555555555555
92.0,2.0,S_NE,0.5,12.0,7.0,0.041666666666666664
92.0,3.0,S_W,0.5,10.0,5.0,0.05
92.0,4.0,S_NW,0.36,8.0,3.0,0.045
92.0,5.0,S_B,0.54,8.0,3.0,0.0675
92.0,6.0,S_NB,0.46,10.0,5.0,0.046
92.0,7.0,S_EIG,0.48,10.0,5.0,0.048
92.0,8.0,S_NEIG,0.6,12.0,7.0,0.049999999999999996
92.0,9.0,S_DU,0.48,8.0,3.0,0.06
92.0,10.0,S_NDU,0.5,9.0,4.0,0.05555555555555555
92.0,11.0,S_DC,0.54,10.0,5.0,0.054000000000000006
92.0,12.0,S_NDC,0.62,13.0,8.0,0.047692307692307694
93.0,0.0,random,0.5,12.0,7.0,0.041666666666666664
93.0,1.0,S_E,0.54,15.0,10.0,0.036000000000000004
93.0,2.0,S_NE,0.3,10.0,5.0,0.03
93.0,3.0,S_W,0.5,10.0,5.0,0.05
93.0,4.0,S_NW,0.48,11.0,6.0,0.04363636363636363
93.0,5.0,S_B,0.54,11.0,6.0,0.049090909090909095
93.0,6.0,S_NB,0.4,10.0,5.0,0.04
93.0,7.0,S_EIG,0.5,8.0,3.0,0.0625
93.0,8.0,S_NEIG,0.54,8.0,3.0,0.0675
93.0,9.0,S_DU,0.4,8.0,3.0,0.05
93.0,10.0,S_NDU,0.4,10.0,5.0,0.04
93.0,11.0,S_DC,0.52,12.0,7.0,0.043333333333333335
93.0,12.0,S_NDC,0.58,11.0,6.0,0.05272727272727273
94.0,0.0,random,0.58,9.0,4.0,0.06444444444444444
94.0,1.0,S_E,0.5,13.0,8.0,0.038461538461538464
94.0,2.0,S_NE,0.54,12.0,7.0,0.045000000000000005
94.0,3.0,S_W,0.58,8.0,3.0,0.0725
94.0,4.0,S_NW,0.54,9.0,4.0,0.060000000000000005
94.0,5.0,S_B,0.56,11.0,6.0,0.05090909090909091
94.0,6.0,S_NB,0.5,8.0,3.0,0.0625
94.0,7.0,S_EIG,0.58,11.0,6.0,0.05272727272727273
94.0,8.0,S_NEIG,0.54,12.0,7.0,0.045000000000000005
94.0,9.0,S_DU,0.5,8.0,3.0,0.0625
94.0,10.0,S_NDU,0.62,9.0,4.0,0.06888888888888889
94.0,11.0,S_DC,0.56,8.0,3.0,0.07
94.0,12.0,S_NDC,0.58,9.0,4.0,0.06444444444444444
95.0,0.0,random,0.62,15.0,10.0,0.04133333333333333
95.0,1.0,S_E,0.36,9.0,4.0,0.04
95.0,2.0,S_NE,0.48,14.0,9.0,0.03428571428571429
95.0,3.0,S_W,0.54,10.0,5.0,0.054000000000000006
95.0,4.0,S_NW,0.54,13.0,8.0,0.04153846153846154
95.0,5.0,S_B,0.52,12.0,7.0,0.043333333333333335
95.0,6.0,S_NB,0.58,13.0,8.0,0.04461538461538461
95.0,7.0,S_EIG,0.52,11.0,6.0,0.04727272727272727
95.0,8.0,S_NEIG,0.64,12.0,7.0,0.05333333333333334
95.0,9.0,S_DU,0.58,12.0,7.0,0.04833333333333333
95.0,10.0,S_NDU,0.5,12.0,7.0,0.041666666666666664
95.0,11.0,S_DC,0.56,14.0,9.0,0.04
95.0,12.0,S_NDC,0.52,8.0,3.0,0.065
96.0,0.0,random,0.62,10.0,5.0,0.062
96.0,1.0,S_E,0.58,11.0,6.0,0.05272727272727273
96.0,2.0,S_NE,0.4,8.0,3.0,0.05
96.0,3.0,S_W,0.54,11.0,6.0,0.049090909090909095
96.0,4.0,S_NW,0.52,11.0,6.0,0.04727272727272727
96.0,5.0,S_B,0.6,8.0,3.0,0.075
96.0,6.0,S_NB,0.6,11.0,6.0,0.05454545454545454
96.0,7.0,S_EIG,0.6,10.0,5.0,0.06
96.0,8.0,S_NEIG,0.48,8.0,3.0,0.06
96.0,9.0,S_DU,0.56,8.0,3.0,0.07
96.0,10.0,S_NDU,0.38,8.0,3.0,0.0475
96.0,11.0,S_DC,0.6,11.0,6.0,0.05454545454545454
96.0,12.0,S_NDC,0.56,9.0,4.0,0.06222222222222223
97.0,0.0,random,0.68,13.0,8.0,0.05230769230769231
97.0,1.0,S_E,0.64,12.0,7.0,0.05333333333333334
97.0,2.0,S_NE,0.5,8.0,3.0,0.0625
97.0,3.0,S_W,0.6,10.0,5.0,0.06
97.0,4.0,S_NW,0.6,9.0,4.0,0.06666666666666667
97.0,5.0,S_B,0.54,8.0,3.0,0.0675
97.0,6.0,S_NB,0.48,9.0,4.0,0.05333333333333333
97.0,7.0,S_EIG,0.6,9.0,4.0,0.06666666666666667
97.0,8.0,S_NEIG,0.54,10.0,5.0,0.054000000000000006
97.0,9.0,S_DU,0.5,11.0,6.0,0.045454545454545456
97.0,10.0,S_NDU,0.62,14.0,9.0,0.04428571428571428
97.0,11.0,S_DC,0.58,11.0,6.0,0.05272727272727273
97.0,12.0,S_NDC,0.48,9.0,4.0,0.05333333333333333
98.0,0.0,random,0.44,9.0,4.0,0.04888888888888889
98.0,1.0,S_E,0.7,14.0,9.0,0.049999999999999996
98.0,2.0,S_NE,0.64,11.0,6.0,0.05818181818181818
98.0,3.0,S_W,0.64,8.0,3.0,0.08
98.0,4.0,S_NW,0.6,9.0,4.0,0.06666666666666667
98.0,5.0,S_B,0.58,13.0,8.0,0.04461538461538461
98.0,6.0,S_NB,0.6,12.0,7.0,0.049999999999999996
98.0,7.0,S_EIG,0.6,11.0,6.0,0.05454545454545454
98.0,8.0,S_NEIG,0.54,10.0,5.0,0.054000000000000006
98.0,9.0,S_DU,0.54,9.0,4.0,0.060000000000000005
98.0,10.0,S_NDU,0.58,8.0,3.0,0.0725
98.0,11.0,S_DC,0.62,9.0,4.0,0.06888888888888889
98.0,12.0,S_NDC,0.68,8.0,3.0,0.085
99.0,0.0,random,0.78,14.0,9.0,0.055714285714285716
99.0,1.0,S_E,0.66,10.0,5.0,0.066
99.0,2.0,S_NE,0.72,13.0,8.0,0.05538461538461538
99.0,3.0,S_W,0.66,10.0,5.0,0.066
99.0,4.0,S_NW,0.4,9.0,4.0,0.044444444444444446
99.0,5.0,S_B,0.56,8.0,3.0,0.07
99.0,6.0,S_NB,0.62,11.0,6.0,0.056363636363636366
99.0,7.0,S_EIG,0.58,11.0,6.0,0.05272727272727273
99.0,8.0,S_NEIG,0.68,12.0,7.0,0.05666666666666667
99.0,9.0,S_DU,0.66,9.0,4.0,0.07333333333333333
99.0,10.0,S_NDU,0.72,11.0,6.0,0.06545454545454545
99.0,11.0,S_DC,0.64,9.0,4.0,0.07111111111111111
99.0,12.0,S_NDC,0.58,8.0,3.0,0.0725
